{"cameraMode":{"drawMode":0,"name":"Shaded","section":"Shading Mode"},"sceneLighting":true,"audioPlay":false,"sceneViewState":{"showFog":true,"showMaterialUpdate":true,"showSkybox":true,"showFlares":true,"showImageEffects":true,"showParticleSystems":true},"in2DMode":false,"pivot":{"x":345.689208984375,"y":-17.222511291503908,"z":192.7364044189453},"rotation":{"x":0.20578327775001527,"y":0.020544247701764108,"z":-0.004322458524256945,"w":0.978374719619751},"size":999.9883422851563,"orthographic":false}