{"cameraMode":{"drawMode":0,"name":"Shaded","section":"Shading Mode"},"sceneLighting":false,"audioPlay":false,"sceneViewState":{"showFog":true,"showMaterialUpdate":true,"showSkybox":true,"showFlares":true,"showImageEffects":true,"showParticleSystems":true},"in2DMode":false,"pivot":{"x":270.03857421875,"y":35.023590087890628,"z":-132.9712371826172},"rotation":{"x":-0.05357455462217331,"y":-0.8803263902664185,"z":0.10253696888685227,"w":-0.46008142828941347},"size":6.847300052642822,"orthographic":false}