{"cameraMode":{"drawMode":0,"name":"Shaded","section":"Shading Mode"},"sceneLighting":false,"audioPlay":false,"sceneViewState":{"showFog":true,"showMaterialUpdate":true,"showSkybox":false,"showFlares":true,"showImageEffects":true,"showParticleSystems":true},"in2DMode":false,"pivot":{"x":0.17747128009796143,"y":1.897416353225708,"z":0.21481040120124818},"rotation":{"x":0.36741873621940615,"y":-0.6208130717277527,"z":0.40718039870262148,"w":0.5601913928985596},"size":3.0396831035614015,"orthographic":false}