{"cameraMode":{"drawMode":0,"name":"Shaded","section":"Shading Mode"},"sceneLighting":false,"audioPlay":false,"sceneViewState":{"showFog":true,"showMaterialUpdate":true,"showSkybox":false,"showFlares":true,"showImageEffects":true,"showParticleSystems":true},"in2DMode":false,"pivot":{"x":3.5799078941345217,"y":1.341191053390503,"z":-9.661060333251954},"rotation":{"x":0.33959928154945376,"y":-0.007053402718156576,"z":0.0025476617738604547,"w":0.9405437111854553},"size":11.480278968811036,"orthographic":false}