{"cameraMode":{"drawMode":0,"name":"Shaded","section":"Shading Mode"},"sceneLighting":false,"audioPlay":false,"sceneViewState":{"showFog":true,"showMaterialUpdate":true,"showSkybox":true,"showFlares":true,"showImageEffects":true,"showParticleSystems":true},"in2DMode":false,"pivot":{"x":230.83389282226563,"y":-174.49761962890626,"z":-125.05742645263672},"rotation":{"x":0.44193771481513979,"y":-0.557113528251648,"z":0.4744455814361572,"w":0.5189039707183838},"size":582.21142578125,"orthographic":false}