{"cameraMode":{"drawMode":0,"name":"Shaded","section":"Shading Mode"},"sceneLighting":false,"audioPlay":false,"sceneViewState":{"showFog":true,"showMaterialUpdate":true,"showSkybox":false,"showFlares":true,"showImageEffects":true,"showParticleSystems":true},"in2DMode":false,"pivot":{"x":0.0009528994560241699,"y":0.7052786946296692,"z":-0.0010404586791992188},"rotation":{"x":0.39118635654449465,"y":-0.017943546175956727,"z":0.007629677187651396,"w":0.9201082587242127},"size":2.662153482437134,"orthographic":false}