{"cameraMode":{"drawMode":0,"name":"Shaded","section":"Shading Mode"},"sceneLighting":false,"audioPlay":false,"sceneViewState":{"showFog":true,"showMaterialUpdate":true,"showSkybox":true,"showFlares":true,"showImageEffects":true,"showParticleSystems":true},"in2DMode":false,"pivot":{"x":-36.790802001953128,"y":-29.634611129760743,"z":40.23530960083008},"rotation":{"x":0.36741873621940615,"y":-0.6208130717277527,"z":0.40718039870262148,"w":0.5601913928985596},"size":30.741849899291993,"orthographic":false}