{"cameraMode":{"drawMode":0,"name":"Shaded","section":"Shading Mode"},"sceneLighting":false,"audioPlay":false,"sceneViewState":{"showFog":true,"showMaterialUpdate":true,"showSkybox":false,"showFlares":true,"showImageEffects":true,"showParticleSystems":true},"in2DMode":false,"pivot":{"x":-0.3999999165534973,"y":0.5440000295639038,"z":-0.40000009536743166},"rotation":{"x":0.07331836968660355,"y":-0.8006600141525269,"z":0.5861625671386719,"w":0.10012577474117279},"size":1.5338956117630005,"orthographic":false}