{"cameraMode":{"drawMode":0,"name":"Shaded","section":"Shading Mode"},"sceneLighting":false,"audioPlay":false,"sceneViewState":{"showFog":true,"showMaterialUpdate":true,"showSkybox":true,"showFlares":true,"showImageEffects":true,"showParticleSystems":true},"in2DMode":false,"pivot":{"x":8.55654239654541,"y":3.266386032104492,"z":9.863171577453614},"rotation":{"x":0.1900016814470291,"y":-0.028939150273799897,"z":0.0056028105318546299,"w":0.981342613697052},"size":12.42410945892334,"orthographic":false}