{"cameraMode":{"drawMode":0,"name":"Shaded","section":"Shading Mode"},"sceneLighting":false,"audioPlay":false,"sceneViewState":{"showFog":true,"showMaterialUpdate":true,"showSkybox":true,"showFlares":true,"showImageEffects":true,"showParticleSystems":true},"in2DMode":false,"pivot":{"x":-36.29428482055664,"y":-41.5500602722168,"z":-15.130927085876465},"rotation":{"x":0.36741873621940615,"y":-0.6208130717277527,"z":0.40718039870262148,"w":0.5601913928985596},"size":38.746192932128909,"orthographic":false}